company_slug,company,insurance_type,product,status,path,pages,bytes,sha256,http_status,content_type,collected_at,source_url,landing_page,error
samsung-life,Samsung Life Insurance,whole,"삼성인터넷더플러스종신보험(2601)(무배당,저해약환급금형)",verified-pdf,docs/policy/samsung-life/whole/01-samsung-life-whole.pdf,152,3934541,7d57bff555081ab3572cbf5b64b78541d9623dd294d3b623ce2673c6cb613051,200,application/pdf,2026-08-03,https://pcms.samsunglife.com/uploadDir/doc/2026/0101/LP0824002/301/1768450474341.pdf,https://www.samsunglife.com/individual/products/disclosure/insurance/PDO-PRDIC010100M,
hanwha-life,Hanwha Life Insurance,whole,한화생명 e종신보험 약관,verified-pdf,docs/policy/hanwha-life/whole/02-hanwha-life-whole.pdf,207,4999932,f0550aaeff6d1c9fda712496c5a0d7660d37fcd14e3976fba3cd834a8c4adf32,200,application/pdf,2026-08-03,https://direct.hanwhalife.com/products/downloadProxy/%ED%95%9C%ED%99%94%EC%83%9D%EB%AA%85%20e%EC%A2%85%EC%8B%A0%EB%B3%B4%ED%97%98%20%EB%AC%B4%EB%B0%B0%EB%8B%B9_%EC%95%BD%EA%B4%80_20260612.pdf?docUrl=dynamic/direct/product/cms_xyeGk2s2Ehv1Mvkr_1781227324358.pdf,https://direct.hanwhalife.com/,
kyobo-life,Kyobo Life Insurance,dental,(무)교보치아보장보험(갱신형),verified-pdf,docs/policy/kyobo-life/dental/03-kyobo-life-dental.pdf,325,3483256,7751dd1866fb3cfeb67f4d909f8f394d6080872c6d1d08b74e00717cac2571c1,200,application/pdf,2026-08-03,https://www.kyobo.com/file/ajax/download?fName=/dtc/pdf/mm/MWVmNzViYjMt_1000859_%28%EB%AC%B4%29%EA%B5%90%EB%B3%B4%EC%B9%98%EC%95%84%EB%B3%B4%EC%9E%A5%EB%B3%B4%ED%97%98%28%EA%B0%B1%EC%8B%A0%ED%98%95%29_26.6.29%20%EA%B3%B5%EC%8B%9C%EC%9A%A9%20%ED%86%B5%ED%95%A9%EC%95%BD%EA%B4%80.pdf,https://www.kyobo.com/dgt/web/dtp/insurance-product-disclosure,
nh-life,NH NongHyup Life Insurance,life-rider,NH농협생명 사망보험금 유동화 특약 약관 (FILE_000000000024506),verified-pdf,docs/policy/nh-life/life-rider/04-nh-life-life-rider.pdf,8,121422,c3a70793a1efdcd0bfe1b7a4f3dc8d22d74dc90e72b40c5673949d9adc27e1ae,200,application/octet-stream;charset=UTF-8,2026-08-03,https://www.nhlife.co.kr/ho/zz/FileDwld.nhl?apdFlid=FILE_000000000024506&fileSeqn=2,https://www.nhlife.co.kr/ho/hoPrdtAnnc.nhl,
nh-life,NH NongHyup Life Insurance,whole,NH농협생명 종신보험 약관 (FILE_000000000024345),verified-pdf,docs/policy/nh-life/whole/05-nh-life-whole.pdf,464,13520303,546b3e2291b1e7c68e072f43e750f665be87beca410cbd95ffbcd959f5f173e4,200,application/octet-stream;charset=UTF-8,2026-08-03,https://www.nhlife.co.kr/ho/zz/FileDwld.nhl?apdFlid=FILE_000000000024345&fileSeqn=2,https://www.nhlife.co.kr/ho/hoPrdtAnnc.nhl,
nh-life,NH NongHyup Life Insurance,annuity,NH농협생명 연금보험 약관 (FILE_000000000024271),verified-pdf,docs/policy/nh-life/annuity/06-nh-life-annuity.pdf,120,11357469,ed5315a635ee4d41564b2e24b042f01363357613fd0f0eebaa9d6f73f09d1256,200,application/octet-stream;charset=UTF-8,2026-08-03,https://www.nhlife.co.kr/ho/zz/FileDwld.nhl?apdFlid=FILE_000000000024271&fileSeqn=2,https://www.nhlife.co.kr/ho/hoPrdtAnnc.nhl,
nh-life,NH NongHyup Life Insurance,savings,NH농협생명 저축보험 약관 (FILE_000000000023761),verified-pdf,docs/policy/nh-life/savings/07-nh-life-savings.pdf,144,11241694,03ebc42e0727ab9e062cef99106a105db490544bf0819f61ab49ad19b6e17025,200,application/octet-stream;charset=UTF-8,2026-08-03,https://www.nhlife.co.kr/ho/zz/FileDwld.nhl?apdFlid=FILE_000000000023761&fileSeqn=2,https://www.nhlife.co.kr/ho/hoPrdtAnnc.nhl,
shinhan-life,Shinhan Life Insurance,health,신한통합건강보험 주니어올터치 약관,verified-pdf,docs/policy/shinhan-life/health/08-shinhan-life-health.pdf,1060,9282617,e44f68a080a34287432930a0e6e61775e9aef788d0f29919e51607577ef8dc83,200,application/pdf,2026-08-03,https://www.shinhanlife.co.kr/bizxpress/cdh/cdhi/gd/pr/__etc/%ED%8C%90%EB%A7%A4%EC%95%BD%EA%B4%80_%EC%8B%A0%ED%95%9C%ED%86%B5%ED%95%A9%EA%B1%B4%EA%B0%95%EB%B3%B4%ED%97%98%20%EC%A3%BC%EB%8B%88%EC%96%B4%EC%98%AC%ED%84%B0%EC%B9%98%28%EB%AC%B4%EB%B0%B0%EB%8B%B9%2C%20%ED%95%B4%EC%95%BD%ED%99%98%EA%B8%89%EA%B8%88%20%EB%AF%B8%EC%A7%80%EA%B8%89%ED%98%95%29_20260701.pdf,https://www.shinhanlife.co.kr/hp/cdhb0040.do?wsId=DigitalPlattform&ndId=2ad4654ee61a41fba873&catId=M160989651064518086,
kb-life,KB Life Insurance,whole,KB국민생명 상품약관 (API archive 174600/2),verified-pdf,docs/policy/kb-life/whole/09-kb-life-whole.pdf,348,9128869,17f1c54d6b4c4b0b0aa4bd5dca09368ab5bfb72bd868f2f0178745ffabc394d3,200,application/pdf,2026-08-03,https://www.kblife.co.kr/api/archive/archives/download/product-terms/174600/2,https://www.kblife.co.kr/notice/productDisclosure,
kb-life,KB Life Insurance,health,KB Pick! e-건강보험 약관 (API archive 501587133/2),verified-pdf,docs/policy/kb-life/health/10-kb-life-health.pdf,585,5493279,4ab2ff2d2ca2d0962b55f10d929e76a9f6eccfca373324e55ad6ff86b6270417,200,application/pdf,2026-08-03,https://www.kblife.co.kr/api/archive/archives/download/product-terms/501587133/2,https://www.kblife.co.kr/notice/productDisclosure,
dongyang-life,Dongyang Life Insurance,unspecified,동양생명 판매상품 약관 PDF (공시실 문서),verified-pdf,docs/policy/dongyang-life/unspecified/11-dongyang-life-unspecified.pdf,383,7357105,7f8b2a2d30975fb630ddeadec60e01354a3f9faac18704d5d3fdc93a008c97d8,200,application/pdf;;charset=EUC-KR,2026-08-03,https://online.myangel.co.kr/cmn/file/downDoc.e1004?p=11,https://pbano.myangel.co.kr/paging/WE_AC_WEPAAP020100L,
samsung-fire,Samsung Fire & Marine Insurance,auto,개인용애니카다이렉트자동차보험,verified-pdf,docs/policy/samsung-fire/auto/12-samsung-fire-auto.pdf,282,5761710,751740c42dd4a4fab08cf109b6d910dca631035be2367a017006e20c5a14a385,200,application/pdf,2026-08-03,https://www.samsungfire.com/publication/pdf/20071_0_20260611_file1.pdf,https://www.samsungfire.com/page/VH.REIF0012.do,
samsung-fire,Samsung Fire & Marine Insurance,driver,무배당 삼성화재 다이렉트 운전자보험(2601.24),verified-pdf,docs/policy/samsung-fire/driver/13-samsung-fire-driver.pdf,361,4527710,c3297f9b803ffea2dbc5e9ce6ee878b316bd378da8766870203a8c9bfd4cc183,200,application/pdf,2026-08-03,https://www.samsungfire.com/publication/pdf/ZPB039300_0_20260701_file1.pdf,https://www.samsungfire.com/page/VH.REIF0012.do,
samsung-fire,Samsung Fire & Marine Insurance,indemnity-medical,삼성화재 실손의료비보험 약관,verified-pdf,docs/policy/samsung-fire/indemnity-medical/14-samsung-fire-indemnity-medical.pdf,124,1755284,e23812e7b9f6cb5f83a0e295385873d14e7e65ef888880dbe4b3eee6156fcee0,200,application/pdf,2026-08-03,https://samsungfire.com/publication/pdf/ZPB320040_0_20240401_file1.pdf,https://www.samsungfire.com/page/VH.REIF0012.do,
db-insurance,DB Insurance,accident,무배당 프로미라이프 만상형통상해보험2607,verified-pdf,docs/policy/db-insurance/accident/15-db-insurance-accident.pdf,312,6347913,e053cbe93bcfd8727fd04aab769c01ec52cef8b666cc2d5308f3242ee5835029,200,application/pdf;charset=UTF-8,2026-08-03,https://www.idbins.com/cYakgwanDown.do?FilePath=InsProduct/%EC%95%BD%EA%B4%80_31063%2806%29_20260701.pdf,https://www.idbins.com/FWMAIV1534.do,
db-insurance,DB Insurance,child-health,무배당 프로미라이프 다이렉트 자녀보험2607(CM),verified-pdf,docs/policy/db-insurance/child-health/16-db-insurance-child-health.pdf,552,8077945,d85db175fb5761167ae86f81bea07cb9b05b2e89fde1e424f9cf8ba3da940fd9,200,application/pdf;charset=UTF-8,2026-08-03,https://www.idbins.com/cYakgwanDown.do?FilePath=InsProduct/%EC%95%BD%EA%B4%80_30548%2821%29_20260701.pdf,https://www.idbins.com/FWMAIV1534.do,
db-insurance,DB Insurance,cyber,피싱·해킹 금융사기보상보험,not-pdf,docs/policy/db-insurance/cyber/document-17.pdf,,0,e3b0c44298fc1c149afbf4c8996fb92427ae41e4649b934ca495991b7852b855,200,,2026-08-03,https://www.idbins.com/cYakgwanDown.do?FilePath=InsProduct/20250901_%ED%94%BC%EC%8B%B1%C2%B7%ED%95%B4%ED%82%B9%20%EA%B8%88%EC%9C%B5%EC%82%AC%EA%B8%B0%EB%B3%B4%EC%83%81%EB%B3%B4%ED%97%98%28%ED%99%88%ED%8E%98%EC%9D%B4%EC%A7%80%29.pdf,https://www.idbins.com/FWMAIV1534.do,
hyundai-marine,Hyundai Marine & Fire Insurance,indemnity-medical,무배당 현대해상다이렉트 실손의료비보장보험(갱신형)(Hi2605),verified-pdf,docs/policy/hyundai-marine/indemnity-medical/18-hyundai-marine-indemnity-medical.pdf,168,4058773,af92c7ee0f31d3aaf8eb4f05f9918b81795405bb51dbeb5346dbff910aea5f4a,200,application/pdf,2026-08-03,https://direct.hi.co.kr/dhNAS/terms/CM12M2_20260506.pdf,https://direct.hi.co.kr/service.do?m=65b474b6cd,
hyundai-marine,Hyundai Marine & Fire Insurance,auto,현대해상 개인용자동차보험 약관,verified-pdf,docs/policy/hyundai-marine/auto/19-hyundai-marine-auto.pdf,172,30267922,840b44a1408d83682a7c12e6ed4e6ee1e09d0abe241e78845d18e19513f17fac,200,application/pdf; charset=UTF-8,2026-08-03,https://www.hi.co.kr/FileActionServlet/preview/0/data/202409/d3ff27e959b842fde419a4d4582160ef.pdf,https://www.hi.co.kr/serviceAction.do?menuId=100302,
hyundai-marine,Hyundai Marine & Fire Insurance,fire-property,현대해상 다이렉트 H주택화재상해보험 약관,verified-pdf,docs/policy/hyundai-marine/fire-property/20-hyundai-marine-fire-property.pdf,202,4826136,d0db45f7bd4eb153703e47b51aedd7e6f59857810b5b6f5e07b0f3c307c066e0,200,application/pdf; charset=UTF-8,2026-08-03,https://www.hi.co.kr/FileActionServlet/preview/0/data/202212/edd7c0887721156e403c447ace1c57c0.pdf,https://www.hi.co.kr/serviceAction.do?menuId=100302,
kb-insurance,KB Insurance,auto,KB매직카다이렉트 개인용자동차보험,verified-pdf,docs/policy/kb-insurance/auto/21-kb-insurance-auto.pdf,197,3609159,8735819c8c1079b170ac84772f9f1459cb6cec505d3e32fcc8f95df5fd897d20,200,application/pdf,2026-08-03,https://direct.kbinsure.co.kr/home/dwlddoc/KB_MagiccarDirect_Private_202403.pdf,https://www.kbinsure.co.kr/CG802030001.ec,
kb-insurance,KB Insurance,fire-property,KB다이렉트 주택화재보험,verified-pdf,docs/policy/kb-insurance/fire-property/22-kb-insurance-fire-property.pdf,263,2311327,868e737b5652a652ef7ff5d292c427118d62406cff977afad494e82d31ba3e89,200,application/pdf,2026-08-03,https://direct.kbinsure.co.kr/dwlddoc/KB_Direct_HouseFire%2824131%29_202310.pdf,https://www.kbinsure.co.kr/CG802030001.ec,
meritz-fire,Meritz Fire & Marine Insurance,driver,무배당 메리츠 운전자 상해 종합보험2607,not-pdf,docs/policy/meritz-fire/driver/2607.pdf,,120,474568fefa618c1790878549d3347f084e626fe801c4813a87a7b8a49ef0d189,200,text/html,2026-08-03,https://store.meritzfire.com/hp/fileDownload.do?path=lHYyCOSDi%2BMpi0iXZBRrBLG%2FNN5NytLV7VIWIRGMZtP4Wzeqgs8f0gVmawUP3eGp&id=lHYyCOSDi%2BMpi0iXZBRrBLG%2FNN5NytLV7VIWIRGMZtP4Wzeqgs8f0gVmawUP3eGp&orgFileName=6AFIK_20260713.pdf&pdfView=Y,https://store.meritzfire.com/auto-and-driver/all-lifecare-driver.do#!/,
hanwha-general,Hanwha General Insurance,health,한화손해보험 건강/소득보장 상품 약관,verified-pdf,docs/policy/hanwha-general/health/24-hanwha-general-health.pdf,100,1031805,4078c35341414a3b9b86adb6e61f112828a6490d832dfdb4c729f7191fc7de5c,200,application/pdf;charset=UTF-8,2026-08-03,https://www.hwgeneralins.com/upload/hmpag_upload/product/gain_260609.pdf,https://www.hwgeneralins.com/announce/product,
hanwha-general,Hanwha General Insurance,travel,한화손해보험 해외여행보험 약관(1),verified-pdf,docs/policy/hanwha-general/travel/25-hanwha-general-travel.pdf,8,128587,904c5df2da08fc1af2a9fa13c739dc7f3916531c1f07329670fca5c20bac7ddf,200,application/pdf;charset=UTF-8,2026-08-03,https://www.hwgeneralins.com/upload/hmpag_upload/product/abroad_CM%282606%29_01.pdf,https://www.hwgeneralins.com/announce/product,
hanwha-general,Hanwha General Insurance,travel,한화손해보험 해외여행보험 약관(2),verified-pdf,docs/policy/hanwha-general/travel/26-hanwha-general-travel.pdf,3,77181,c4a4dfd4fc9418c3abe53ccd29b2198cc50c96590aa9ab9e3a40ea4b892b1385,200,application/pdf;charset=UTF-8,2026-08-03,https://www.hwgeneralins.com/upload/hmpag_upload/product/abroad_CM%282606%29_02.pdf,https://www.hwgeneralins.com/announce/product,
nh-fire,NH NongHyup Property & Casualty Insurance,indemnity-medical,무배당 헤아림다이렉트실손의료비보험 약관,verified-pdf,docs/policy/nh-fire/indemnity-medical/27-nh-fire-indemnity-medical.pdf,78,578579,d3f72ce31ee5b885f9037f026fdf9bf6b201e6eac27329eeb304c1e6f3734a9b,200,application/pdf,2026-08-03,https://www.nhfire.co.kr/file/direct/%EB%AC%B4%EB%B0%B0%EB%8B%B9%20%ED%97%A4%EC%95%84%EB%A6%BC%EB%8B%A4%EC%9D%B4%EB%A0%89%ED%8A%B8%EC%8B%A4%EC%86%90%EC%9D%98%EB%A3%8C%EB%B9%84%EB%B3%B4%ED%97%98_%EC%95%BD%EA%B4%80.pdf,https://www.nhfire.co.kr/announce/productAnnounce/retrieveInsuranceProductsAnnounce.nhfire,
nh-fire,NH NongHyup Property & Casualty Insurance,travel,NH농협손해보험 해외여행보험 약관,verified-pdf,docs/policy/nh-fire/travel/28-nh-fire-travel.pdf,71,1593542,60c87f4f14c861add4aae0d31fd9a0bec12e3646c733dc47ef75cc579ce51350,200,application/pdf,2026-08-03,https://www.nhfire.co.kr/file/travel/Overseas_PRV.pdf,https://www.nhfire.co.kr/announce/productAnnounce/retrieveInsuranceProductsAnnounce.nhfire,
axa-fire,AXA Insurance,driver,AXA 운전자보험 보통약관,verified-pdf,docs/policy/axa-fire/driver/29-axa-fire-driver.pdf,60,442033,1b46ca0fb94f9e9d5536d9ab92e67c104acb11ed3813f7d047db66775c66540f,200,application/pdf,2026-08-03,https://www.axa.co.kr/AsianPlatformInternet/doc/internet/public/partnership_driver_provision_2201.pdf,https://www.axa.co.kr/insurance/insurance-product,
carrot-fire,Carrot General Insurance,auto,캐롯 자동차보험 약관,verified-pdf,docs/policy/carrot-fire/auto/30-carrot-fire-auto.pdf,194,4316632,c4ecb69a4bac726e7f03e8cdf59dcb24deeab485adaffddc690dfd1359ac5dcd,200,application/pdf,2026-08-03,https://www.carrotins.com/cdn/dis/doc/pdf/disclosure/car/CA00044001/terms/CA00044001_20240701_01.pdf,https://www.carrotins.com/disclosure,
db-insurance,DB Insurance,cyber,피싱·해킹 금융사기보상보험,not-pdf,docs/policy/db-insurance/cyber/17-db-insurance-cyber.pdf,,0,e3b0c44298fc1c149afbf4c8996fb92427ae41e4649b934ca495991b7852b855,200,,2026-08-03,https://www.idbins.com/cYakgwanDown.do?FilePath=InsProduct/20250901_%ED%94%BC%EC%8B%B1%C2%B7%ED%95%B4%ED%82%B9%20%EA%B8%88%EC%9C%B5%EC%82%AC%EA%B8%B0%EB%B3%B4%EC%83%81%EB%B3%B4%ED%97%98%28%ED%99%88%ED%8E%98%EC%9D%B4%EC%A7%80%29.pdf,https://www.idbins.com/FWMAIV1534.do,
meritz-fire,Meritz Fire & Marine Insurance,driver,무배당 메리츠 운전자 상해 종합보험2607,not-pdf,docs/policy/meritz-fire/driver/23-meritz-fire-driver.pdf,,120,474568fefa618c1790878549d3347f084e626fe801c4813a87a7b8a49ef0d189,200,text/html,2026-08-03,https://store.meritzfire.com/hp/fileDownload.do?path=lHYyCOSDi%2BMpi0iXZBRrBLG%2FNN5NytLV7VIWIRGMZtP4Wzeqgs8f0gVmawUP3eGp&id=lHYyCOSDi%2BMpi0iXZBRrBLG%2FNN5NytLV7VIWIRGMZtP4Wzeqgs8f0gVmawUP3eGp&orgFileName=6AFIK_20260713.pdf&pdfView=Y,https://store.meritzfire.com/auto-and-driver/all-lifecare-driver.do#!/,
hanwha-life,Hanwha Life Insurance,cancer,한화생명 e시그니처암보험 무배당 약관,verified-pdf,docs/policy/hanwha-life/cancer/31-hanwha-life-cancer.pdf,166,4429410,a311d3a66e001944adf45cc0e8830b1680bfdeefce56bee11b3a4ea77ecdc222,200,application/pdf,2026-08-03,https://direct.hanwhalife.com/products/downloadProxy/%ED%95%9C%ED%99%94%EC%83%9D%EB%AA%85%20e%EC%8B%9C%EA%B7%B8%EB%8B%88%EC%B2%98%EC%95%94%EB%B3%B4%ED%97%98%20%EB%AC%B4%EB%B0%B0%EB%8B%B9_%EC%95%BD%EA%B4%80_20250106.pdf?docUrl=dynamic/direct/product/cms_K86hzsQGOOnVEFlC_1736169011449.pdf,https://direct.hanwhalife.com/,
hanwha-life,Hanwha Life Insurance,term,한화생명 e정기보험 무배당 약관,verified-pdf,docs/policy/hanwha-life/term/32-hanwha-life-term.pdf,190,3819798,7ff8c75bfa8a1ada8c3077bd66080b6460ba5848e1440b17e60d98d9ef68372d,200,application/pdf,2026-08-03,https://direct.hanwhalife.com/products/downloadProxy/%ED%95%9C%ED%99%94%EC%83%9D%EB%AA%85%20e%EC%A0%95%EA%B8%B0%EB%B3%B4%ED%97%98%20%EB%AC%B4%EB%B0%B0%EB%8B%B9_%EC%95%BD%EA%B4%80_20260417.pdf?docUrl=dynamic/direct/product/cms_odIN6hkhR1w3xURZ_1776383301736.pdf,https://direct.hanwhalife.com/,
hanwha-life,Hanwha Life Insurance,annuity,한화생명 e연금보험 무배당 약관,verified-pdf,docs/policy/hanwha-life/annuity/33-hanwha-life-annuity.pdf,159,3201265,4963ca85e6b9e5ca8b00d8cd4e090d92bf54f6ed6b5ec0fa06a944bef5e35571,200,application/pdf,2026-08-03,https://direct.hanwhalife.com/products/downloadProxy/%ED%95%9C%ED%99%94%EC%83%9D%EB%AA%85%20e%EC%97%B0%EA%B8%88%EB%B3%B4%ED%97%98%20%EB%AC%B4%EB%B0%B0%EB%8B%B9_%EC%95%BD%EA%B4%80_20250919.pdf?docUrl=dynamic/direct/product/cms_p4X1ZDiKuQuLmciz_1758270115396.pdf,https://direct.hanwhalife.com/,
shinhan-life,Shinhan Life Insurance,dementia-ltc,신한치매간병보험 ONE더케어 약관,verified-pdf,docs/policy/shinhan-life/dementia-ltc/34-shinhan-life-dementia-ltc.pdf,844,6460631,441dec4d08e9144dcca3125ca3c835d358569b918f06329317895a4e7a0790ce,200,application/pdf,2026-08-03,"https://www.shinhanlife.co.kr/bizxpress/cdh/cdhi/gd/pr/__etc/SHL0417_%EC%8B%A0%ED%95%9C%EC%B9%98%EB%A7%A4%EA%B0%84%EB%B3%91%EB%B3%B4%ED%97%98%20ONE%EB%8D%94%EC%BC%80%EC%96%B4(%EB%AC%B4%EB%B0%B0%EB%8B%B9,%20%ED%95%B4%EC%95%BD%ED%99%98%EA%B8%89%EA%B8%88%20%EB%AF%B8%EC%A7%80%EA%B8%89%ED%98%95).pdf",https://www.shinhanlife.co.kr/hp/cdhb0040.do,
kb-insurance,KB Insurance,liability,KB 개인안심종합보험 배상책임 약관,verified-pdf,docs/policy/kb-insurance/liability/35-kb-insurance-liability.pdf,98,767928,f61d79dea5b42766f4003d66a82d6c114dceef0c5aa27af81e7e7197819306e2,200,application/pdf,2026-08-03,https://www.kbinsure.co.kr/images/xml/indv_safe_indem/clause/clause.pdf,https://www.kbinsure.co.kr/CG802030001.ec,
kb-insurance,KB Insurance,liability,KB 일반보험 약관 14150,verified-pdf,docs/policy/kb-insurance/liability/36-kb-insurance-liability.pdf,29,275342,eb9c24bfc0619e24c48043b25c4f203e6742c249be6d07ec233738a2ab474ef7,200,application/pdf,2026-08-03,https://www.kbinsure.co.kr/images/clause/gnins/internet_14150.pdf,https://www.kbinsure.co.kr/CG802030001.ec,
db-insurance,DB Insurance,cyber,피싱·해킹 금융사기보상보험,not-pdf,docs/policy/db-insurance/cyber/17-db-insurance-cyber.pdf,,0,e3b0c44298fc1c149afbf4c8996fb92427ae41e4649b934ca495991b7852b855,200,,2026-08-03,https://www.idbins.com/cYakgwanDown.do?FilePath=InsProduct/20250901_%ED%94%BC%EC%8B%B1%C2%B7%ED%95%B4%ED%82%B9%20%EA%B8%88%EC%9C%B5%EC%82%AC%EA%B8%B0%EB%B3%B4%EC%83%81%EB%B3%B4%ED%97%98%28%ED%99%88%ED%8E%98%EC%9D%B4%EC%A7%80%29.pdf,https://www.idbins.com/FWMAIV1534.do,
meritz-fire,Meritz Fire & Marine Insurance,driver,무배당 메리츠 운전자 상해 종합보험2607,not-pdf,docs/policy/meritz-fire/driver/23-meritz-fire-driver.pdf,,120,474568fefa618c1790878549d3347f084e626fe801c4813a87a7b8a49ef0d189,200,text/html,2026-08-03,https://store.meritzfire.com/hp/fileDownload.do?path=lHYyCOSDi%2BMpi0iXZBRrBLG%2FNN5NytLV7VIWIRGMZtP4Wzeqgs8f0gVmawUP3eGp&id=lHYyCOSDi%2BMpi0iXZBRrBLG%2FNN5NytLV7VIWIRGMZtP4Wzeqgs8f0gVmawUP3eGp&orgFileName=6AFIK_20260713.pdf&pdfView=Y,https://store.meritzfire.com/auto-and-driver/all-lifecare-driver.do#!/,
aig-korea,AIG Korea,accident,AIG 상해보험 보통약관 (2009.04),verified-pdf,docs/policy/aig-korea/accident/37-aig-korea-accident.pdf,14,270408,dfa993efbf047b0a39d83eb9271ba76b1dcf639efe771556e22cd95a2a2f2296,200,application/octet-stream; charset=UTF-8,2026-08-03,https://m.aig.co.kr/downLoadFiles.do?fileId=6011&fileSeq=1&fileType=&fileGb=&viewType=,https://www.aig.co.kr/wm/content.html?contentId=DPWMS701,
db-insurance,DB Insurance,cyber,피싱·해킹 금융사기보상보험,not-pdf,docs/policy/db-insurance/cyber/17-db-insurance-cyber.pdf,,0,e3b0c44298fc1c149afbf4c8996fb92427ae41e4649b934ca495991b7852b855,200,,2026-08-03,https://www.idbins.com/cYakgwanDown.do?FilePath=InsProduct/20250901_%ED%94%BC%EC%8B%B1%C2%B7%ED%95%B4%ED%82%B9%20%EA%B8%88%EC%9C%B5%EC%82%AC%EA%B8%B0%EB%B3%B4%EC%83%81%EB%B3%B4%ED%97%98%28%ED%99%88%ED%8E%98%EC%9D%B4%EC%A7%80%29.pdf,https://www.idbins.com/FWMAIV1534.do,
meritz-fire,Meritz Fire & Marine Insurance,driver,무배당 메리츠 운전자 상해 종합보험2607,not-pdf,docs/policy/meritz-fire/driver/23-meritz-fire-driver.pdf,,120,474568fefa618c1790878549d3347f084e626fe801c4813a87a7b8a49ef0d189,200,text/html,2026-08-03,https://store.meritzfire.com/hp/fileDownload.do?path=lHYyCOSDi%2BMpi0iXZBRrBLG%2FNN5NytLV7VIWIRGMZtP4Wzeqgs8f0gVmawUP3eGp&id=lHYyCOSDi%2BMpi0iXZBRrBLG%2FNN5NytLV7VIWIRGMZtP4Wzeqgs8f0gVmawUP3eGp&orgFileName=6AFIK_20260713.pdf&pdfView=Y,https://store.meritzfire.com/auto-and-driver/all-lifecare-driver.do#!/,
db-insurance,DB Insurance,cyber,피싱·해킹 금융사기보상보험,not-pdf,docs/policy/db-insurance/cyber/17-db-insurance-cyber.pdf,,0,e3b0c44298fc1c149afbf4c8996fb92427ae41e4649b934ca495991b7852b855,200,,2026-08-03,https://www.idbins.com/cYakgwanDown.do?FilePath=InsProduct/20250901_%ED%94%BC%EC%8B%B1%C2%B7%ED%95%B4%ED%82%B9%20%EA%B8%88%EC%9C%B5%EC%82%AC%EA%B8%B0%EB%B3%B4%EC%83%81%EB%B3%B4%ED%97%98%28%ED%99%88%ED%8E%98%EC%9D%B4%EC%A7%80%29.pdf,https://www.idbins.com/FWMAIV1534.do,
meritz-fire,Meritz Fire & Marine Insurance,driver,무배당 메리츠 운전자 상해 종합보험2607,not-pdf,docs/policy/meritz-fire/driver/23-meritz-fire-driver.pdf,,120,474568fefa618c1790878549d3347f084e626fe801c4813a87a7b8a49ef0d189,200,text/html,2026-08-03,https://store.meritzfire.com/hp/fileDownload.do?path=lHYyCOSDi%2BMpi0iXZBRrBLG%2FNN5NytLV7VIWIRGMZtP4Wzeqgs8f0gVmawUP3eGp&id=lHYyCOSDi%2BMpi0iXZBRrBLG%2FNN5NytLV7VIWIRGMZtP4Wzeqgs8f0gVmawUP3eGp&orgFileName=6AFIK_20260713.pdf&pdfView=Y,https://store.meritzfire.com/auto-and-driver/all-lifecare-driver.do#!/,
db-life,DB Life,cancer,(무) AI 라이프케어 암보험(2605) 주계약 약관,verified-pdf,docs/policy/db-life/cancer/38-db-life-cancer.pdf,84,3858394,0c871ac71e564590b39aac6d33113b1b37bc44f5f591702178a25fb663f79beb,200,application/pdf,2026-08-03,https://idblife.com/notice/product/prov/file?publishNo=3258&fileGb=3%20&fileSeq=71756,https://idblife.com/notice/product/prov/sale/9559,
db-insurance,DB Insurance,cyber,피싱·해킹 금융사기보상보험,not-pdf,docs/policy/db-insurance/cyber/17-db-insurance-cyber.pdf,,0,e3b0c44298fc1c149afbf4c8996fb92427ae41e4649b934ca495991b7852b855,200,,2026-08-03,https://www.idbins.com/cYakgwanDown.do?FilePath=InsProduct/20250901_%ED%94%BC%EC%8B%B1%C2%B7%ED%95%B4%ED%82%B9%20%EA%B8%88%EC%9C%B5%EC%82%AC%EA%B8%B0%EB%B3%B4%EC%83%81%EB%B3%B4%ED%97%98%28%ED%99%88%ED%8E%98%EC%9D%B4%EC%A7%80%29.pdf,https://www.idbins.com/FWMAIV1534.do,
meritz-fire,Meritz Fire & Marine Insurance,driver,무배당 메리츠 운전자 상해 종합보험2607,not-pdf,docs/policy/meritz-fire/driver/23-meritz-fire-driver.pdf,,120,474568fefa618c1790878549d3347f084e626fe801c4813a87a7b8a49ef0d189,200,text/html,2026-08-03,https://store.meritzfire.com/hp/fileDownload.do?path=lHYyCOSDi%2BMpi0iXZBRrBLG%2FNN5NytLV7VIWIRGMZtP4Wzeqgs8f0gVmawUP3eGp&id=lHYyCOSDi%2BMpi0iXZBRrBLG%2FNN5NytLV7VIWIRGMZtP4Wzeqgs8f0gVmawUP3eGp&orgFileName=6AFIK_20260713.pdf&pdfView=Y,https://store.meritzfire.com/auto-and-driver/all-lifecare-driver.do#!/,
lina-life,Lina Life Insurance,whole,무배당 THE간편고지종신보험 약관,verified-pdf,docs/policy/lina-life/whole/39-lina-life-whole.pdf,29,1020551,f762cf6b501bb8ff0f942649e4a4a93938ca654210039a156167f8cfcdb2ccf3,200,application/pdf,2026-08-03,https://www.lina.co.kr/cms/upload/upload/docs/disclosure/B00312011_1_P.pdf,https://www.lina.co.kr/disclosure/product-public-announcement/product-on-sales?key=0,
db-insurance,DB Insurance,cyber,피싱·해킹 금융사기보상보험,verified-pdf,docs/policy/db-insurance/cyber/17-db-insurance-cyber.pdf,84,748359,f405413d47c262647b1d5178a7af21519373a0b17e8f6c3a7076e18bc5465530,200,application/pdf;charset=UTF-8,2026-08-03,https://www.idbins.com/cYakgwanDown.do?FilePath=InsProduct/20250901_%ED%94%BC%EC%8B%B1%C2%B7%ED%95%B4%ED%82%B9%20%EA%B8%88%EC%9C%B5%EC%82%AC%EA%B8%B0%EB%B3%B4%EC%83%81%EB%B3%B4%ED%97%98_%EB%B3%B4%ED%97%98%EC%95%BD%EA%B4%80.pdf,https://www.idbins.com/FWMAIV1534.do,
meritz-fire,Meritz Fire & Marine Insurance,driver,무배당 메리츠 운전자 상해 종합보험2607,verified-pdf,docs/policy/meritz-fire/driver/40-meritz-fire-driver.pdf,46,641780,95e913f36b47ee70bedd58c05d03c2827698ff9e4dc775d4cfceedce61cebbbb,200,application/pdf;charset=UTF-8,2026-08-03,https://store.meritzfire.com/hp/fileDownload.do?path=cMjHrUP7C1rK2GPNMJyIQ61t7wq0JhEZhJukP4HCUwS6AXgu9U%2BZHNaNWZIm9ZJ1&id=cMjHrUP7C1rK2GPNMJyIQ61t7wq0JhEZhJukP4HCUwS6AXgu9U%2BZHNaNWZIm9ZJ1&orgFileName=%28%EB%AC%B4%29+%EB%A9%94%EB%A6%AC%EC%B8%A0+%EC%9A%B4%EC%A0%84%EC%9E%90+%EC%83%81%ED%95%B4%EB%B3%B4%ED%97%98%32%36%30%37.pdf&pdfView=Y,https://store.meritzfire.com/auto-and-driver/all-lifecare-driver.do#!/,
aig-korea,AIG Korea,accident,무배당 AIG 참쉬운상해보험2604 약관 (L0550-2),verified-pdf,docs/policy/aig-korea/accident/41-aig-korea-accident.pdf,94,6117345,0b5c1dfd598a6b658a78b61690dd28f189f2afd428e2eeea204b262c65fe9500,200,application/pdf,2026-08-03,https://m.aig.co.kr/downLoadFiles.do?fileId=477976&fileSeq=1&fileType=&fileGb=&viewType=,https://m.aig.co.kr/wo/dpwot001.html?menuId=MS702,
meritz-fire,Meritz Fire & Marine Insurance,driver,무배당 메리츠 운전자 상해 종합보험2607,not-pdf,docs/policy/meritz-fire/driver/23-meritz-fire-driver.pdf,,120,474568fefa618c1790878549d3347f084e626fe801c4813a87a7b8a49ef0d189,200,text/html,2026-08-03,https://store.meritzfire.com/hp/fileDownload.do?path=cMjHrUP7C1rK2GPNMJyIQ61t7wq0JhEZhJukP4HCUwS6AXgu9U%2BZHNaNWZIm9ZJ1&id=cMjHrUP7C1rK2GPNMJyIQ61t7wq0JhEZhJukP4HCUwS6AXgu9U%2BZHNaNWZIm9ZJ1&orgFileName=%28%EB%AC%B4%29+%EB%A9%94%EB%A6%AC%EC%B8%A0+%EC%9A%B4%EC%A0%84%EC%9E%90+%EC%83%81%ED%95%B4+%EC%A2%85%ED%95%A9%EB%B3%B4%ED%97%982607.pdf&pdfView=Y,https://store.meritzfire.com/auto-and-driver/all-lifecare-driver.do#!/,
samsung-life,Samsung Life Insurance,term,삼성인터넷정기보험(2601)(무배당),verified-pdf,docs/policy/samsung-life/term/40-samsung-life-term.pdf,157,4211610,c94d34d39822454faae888a3d8cbcbe317bd3920705ab41d929d055aa8f76cb9,200,application/pdf,2026-08-03,https://pcms.samsunglife.com/uploadDir/doc/2026/0101/LP0289013/301/1768199913210.pdf,https://www.samsunglife.com/individual/products/disclosure/sales/PDO-PRPRI010110M,
samsung-life,Samsung Life Insurance,cancer,"삼성인터넷암보험(2404)(갱신형,무배당)",verified-pdf,docs/policy/samsung-life/cancer/41-samsung-life-cancer.pdf,216,5078314,39af0c18455da4c98ce2b850838fc32c85d6bd956d0e99366f469030aae3b76d,200,application/pdf,2026-08-03,https://pcms.samsunglife.com/uploadDir/doc/2026/0101/LP0286011/301/1768354550355.pdf,https://www.samsunglife.com/individual/products/disclosure/sales/PDO-PRPRI010110M,
samsung-life,Samsung Life Insurance,health,"삼성가족대표건강보험(2607)(무배당,무해약환급금형)",verified-pdf,docs/policy/samsung-life/health/42-samsung-life-health.pdf,2398,23404088,d9b1c0be63c12d7ab1eb9a76469dd894ae7fbe285153bca33c431a9911a20319,200,application/pdf,2026-08-03,https://pcms.samsunglife.com/uploadDir/doc/2026/0701/LP0831004/301/1784114479029.pdf,https://www.samsunglife.com/individual/products/disclosure/sales/PDO-PRPRI010110M,
samsung-life,Samsung Life Insurance,annuity,삼성인터넷NEW연금보험(2401)(무배당),verified-pdf,docs/policy/samsung-life/annuity/43-samsung-life-annuity.pdf,139,3389624,ce6d45b0887ffccf0237e1bc708e8e8c7e7520309f6a7862810269234f567dca,200,application/pdf,2026-08-03,https://pcms.samsunglife.com/uploadDir/doc/2026/0101/LP0480013/301/1768436094257.pdf,https://www.samsunglife.com/individual/products/disclosure/sales/PDO-PRPRI010110M,
samsung-life,Samsung Life Insurance,savings,삼성인터넷저축보험(2501)(무배당),verified-pdf,docs/policy/samsung-life/savings/44-samsung-life-savings.pdf,113,2645034,3b2612e826fabd01e2d54d5b0d55fbb9e0d4b9c364f437cc1af66b7535da3af5,200,application/pdf,2026-08-03,https://pcms.samsunglife.com/uploadDir/doc/2026/0101/LP0271019/301/1768435890432.pdf,https://www.samsunglife.com/individual/products/disclosure/sales/PDO-PRPRI010110M,
samsung-life,Samsung Life Insurance,variable,삼성변액연금보험(2601)(무배당),verified-pdf,docs/policy/samsung-life/variable/45-samsung-life-variable.pdf,242,5133150,7d342ccf8e0f322e1d4ed8f14b17e257b02dcc510b741242cc7db6813ff74067,200,application/pdf,2026-08-03,https://pcms.samsunglife.com/uploadDir/doc/2026/0101/LP0615006/301/1775193620911.pdf,https://www.samsunglife.com/individual/products/disclosure/sales/PDO-PRPRI010110M,
samsung-life,Samsung Life Insurance,child-health,삼성우리아이올바른성장보험(2405)(무배당),verified-pdf,docs/policy/samsung-life/child-health/46-samsung-life-child-health.pdf,888,21400970,f39cbf8a657a8402906ad8d97ce975f9d574e401a2265d3331a53e993db878c5,200,application/pdf,2026-08-03,https://pcms.samsunglife.com/uploadDir/doc/2026/0701/LP0581007/301/1783487256793.pdf,https://www.samsunglife.com/individual/products/disclosure/sales/PDO-PRPRI010110M,
samsung-life,Samsung Life Insurance,dental,"삼성인터넷치아보험(2501)(갱신형,무배당)",verified-pdf,docs/policy/samsung-life/dental/47-samsung-life-dental.pdf,327,7390142,3b6e441ce961eb4e6d5242e44b02a0e759639350cfba3b93e4ba7f111981297c,200,application/pdf,2026-08-03,https://pcms.samsunglife.com/uploadDir/doc/2026/0101/LP0599004/301/1768354710324.pdf,https://www.samsunglife.com/individual/products/disclosure/sales/PDO-PRPRI010110M,
hanwha-life,Hanwha Life Insurance,whole,한화생명 하나로H종신보험 무배당,verified-pdf,docs/policy/hanwha-life/whole/48-hanwha-life-whole.pdf,251,5548820,3ff16314bc178283a9851cea93ed67c6436c789d3aaf2d930342fc706b82bccd,200,Application/Unknown,2026-08-03,https://file.hanwhalife.com/www/announce/goods/download_chk.asp?file_name=%C7%D1%C8%AD%BB%FD%B8%ED%20%C7%CF%B3%AA%B7%CEH%C1%BE%BD%C5%BA%B8%C7%E8%20%B9%AB%B9%E8%B4%E7_%BE%E0%B0%FC_20260701.pdf,https://www.hanwhalife.com/main/disclosure/goods/disclosurenotice/DF_GDDN000_P10000.do?MENU_ID1=DF_GDGL000,
hanwha-life,Hanwha Life Insurance,term,한화생명 경영인H정기보험 무배당,verified-pdf,docs/policy/hanwha-life/term/49-hanwha-life-term.pdf,201,4479530,8699295149b03dc7cdea50a68e5d5e24dfc6ac0795ff4408224ea2b230fd9279,200,Application/Unknown,2026-08-03,https://file.hanwhalife.com/www/announce/goods/download_chk.asp?file_name=%C7%D1%C8%AD%BB%FD%B8%ED%20%B0%E6%BF%B5%C0%CEH%C1%A4%B1%E2%BA%B8%C7%E8%20%B9%AB%B9%E8%B4%E7_%BE%E0%B0%FC_20260401.pdf,https://www.hanwhalife.com/main/disclosure/goods/disclosurenotice/DF_GDDN000_P10000.do?MENU_ID1=DF_GDGL000,
hanwha-life,Hanwha Life Insurance,cancer,한화생명 Need AI 암보험 무배당,verified-pdf,docs/policy/hanwha-life/cancer/50-hanwha-life-cancer.pdf,392,9453201,77a0168f7c49d7b856772bca71b09c072813cc2fd521abaf0a3f92c89166089d,200,Application/Unknown,2026-08-03,https://file.hanwhalife.com/www/announce/goods/download_chk.asp?file_name=%C7%D1%C8%AD%BB%FD%B8%ED%20Need%20AI%20%BE%CF%BA%B8%C7%E8%20%B9%AB%B9%E8%B4%E7_%BE%E0%B0%FC_20260701_1.pdf,https://www.hanwhalife.com/main/disclosure/goods/disclosurenotice/DF_GDDN000_P10000.do?MENU_ID1=DF_GDGL000,
hanwha-life,Hanwha Life Insurance,critical-illness,한화생명 H건강플러스보험 무배당,verified-pdf,docs/policy/hanwha-life/critical-illness/51-hanwha-life-critical-illness.pdf,1787,38818544,cb65d29389434ccf9cc06a1ffc7df90c65c191ca00f7bc16ca4473f941685eff,200,Application/Unknown,2026-08-03,https://file.hanwhalife.com/www/announce/goods/download_chk.asp?file_name=%C7%D1%C8%AD%BB%FD%B8%ED%20H%B0%C7%B0%AD%C7%C3%B7%AF%BD%BA%B8%C7%E8%20%B9%AB%B9%E8%B4%E7_%BE%E0%B0%FC_20260701_1.pdf,https://www.hanwhalife.com/main/disclosure/goods/disclosurenotice/DF_GDDN000_P10000.do?MENU_ID1=DF_GDGL000,
hanwha-life,Hanwha Life Insurance,annuity,한화생명 바로연금보험 무배당,verified-pdf,docs/policy/hanwha-life/annuity/52-hanwha-life-annuity.pdf,129,2107059,efc46679613c9b1694f72e1f8141b7303639bd2daea902e4b6aab76c7aa81505,200,Application/Unknown,2026-08-03,https://file.hanwhalife.com/www/announce/goods/download_chk.asp?file_name=%C7%D1%C8%AD%BB%FD%B8%ED%20%B9%D9%B7%CE%BF%AC%B1%DD%BA%B8%C7%E8%20%B9%AB%B9%E8%B4%E7_%BE%E0%B0%FC_20260401.pdf,https://www.hanwhalife.com/main/disclosure/goods/disclosurenotice/DF_GDDN000_P10000.do?MENU_ID1=DF_GDGL000,
hanwha-life,Hanwha Life Insurance,savings,한화생명 연금저축 하이드림연금보험,verified-pdf,docs/policy/hanwha-life/savings/53-hanwha-life-savings.pdf,211,3718920,be3cfccca7e3b7c4477687a185c39debf19708a2273b8553c06b834f3064381f,200,Application/Unknown,2026-08-03,https://file.hanwhalife.com/www/announce/goods/download_chk.asp?file_name=%C7%D1%C8%AD%BB%FD%B8%ED%20%BF%AC%B1%DD%C0%FA%C3%E0%20%C7%CF%C0%CC%B5%E5%B8%B2%BF%AC%B1%DD%BA%B8%C7%E8_%BE%E0%B0%FC_20260401.pdf,https://www.hanwhalife.com/main/disclosure/goods/disclosurenotice/DF_GDDN000_P10000.do?MENU_ID1=DF_GDGL000,
hanwha-life,Hanwha Life Insurance,dental,한화생명 튼튼이 치아보험(갱신형) 무배당,verified-pdf,docs/policy/hanwha-life/dental/54-hanwha-life-dental.pdf,231,5226089,53c14a8113ecdca36ff64f8c82a566d980a109f20e9ac203843f7e91786572d4,200,Application/Unknown,2026-08-03,https://file.hanwhalife.com/www/announce/goods/download_chk.asp?file_name=%C7%D1%C8%AD%BB%FD%B8%ED%20%C6%B0%C6%B0%C0%CC%20%C4%A1%BE%C6%BA%B8%C7%E8%28%B0%BB%BD%C5%C7%FC%29%20%B9%AB%B9%E8%B4%E7_%BE%E0%B0%FC_20260506.pdf,https://www.hanwhalife.com/main/disclosure/goods/disclosurenotice/DF_GDDN000_P10000.do?MENU_ID1=DF_GDGL000,
hanwha-life,Hanwha Life Insurance,dementia-ltc,한화생명 치매담은간병플러스보험 무배당,verified-pdf,docs/policy/hanwha-life/dementia-ltc/55-hanwha-life-dementia-ltc.pdf,670,15731107,c45765eedcabd5e38b0fad93bddc92a8a97e5e7b49e68cc5250e51622bf815b8,200,Application/Unknown,2026-08-03,https://file.hanwhalife.com/www/announce/goods/download_chk.asp?file_name=%C7%D1%C8%AD%BB%FD%B8%ED%20%C4%A1%B8%C5%B4%E3%C0%BA%B0%A3%BA%B4%C7%C3%B7%AF%BD%BA%BA%B8%C7%E8%20%B9%AB%B9%E8%B4%E7_%BE%E0%B0%FC_20260701.pdf,https://www.hanwhalife.com/main/disclosure/goods/disclosurenotice/DF_GDDN000_P10000.do?MENU_ID1=DF_GDGL000,
shinhan-life,Shinhan Life Insurance,health,신한통합건강보험 슈퍼원(ONE)(무배당),verified-pdf,docs/policy/shinhan-life/health/56-shinhan-life-health.pdf,5318,35237501,52234f7f84b42854347a0472e3d073d784bf8844586d1e5c72ecdf3b28bee794,200,application/pdf,2026-08-03,https://www.shinhanlife.co.kr/bizxpress/cdh/cdhi/gd/pr/__etc/%ED%8C%90%EB%A7%A4%EC%95%BD%EA%B4%80_%EC%8B%A0%ED%95%9C%ED%86%B5%ED%95%A9%EA%B1%B4%EA%B0%95%EB%B3%B4%ED%97%98%20%EC%8A%88%ED%8D%BC%EC%9B%90%28ONE%29%28%EB%AC%B4%EB%B0%B0%EB%8B%B9%2C%20%ED%95%B4%EC%95%BD%ED%99%98%EA%B8%89%EA%B8%88%20%EB%AF%B8%EC%A7%80%EA%B8%89%ED%98%95%29_260701_v0.0.pdf,https://www.shinhanlife.co.kr/hp/cdhb0040.do?wsId=DigitalPlattform&ndId=d94258643919486f8554&catId=M160989651064518086,
shinhan-life,Shinhan Life Insurance,cancer,"신한(간편가입)케어받는암보험(무배당, 갱신형)",verified-pdf,docs/policy/shinhan-life/cancer/57-shinhan-life-cancer.pdf,1694,13118754,2dbb0ef3b2cff06bd40ef8085f364d6b1f489e8edab376c0a007b5382bd20879,200,application/pdf,2026-08-03,https://www.shinhanlife.co.kr/bizxpress/cdh/cdhi/gd/pr/__etc/%ED%8C%90%EB%A7%A4%EC%95%BD%EA%B4%80_%EC%8B%A0%ED%95%9C%28%EA%B0%84%ED%8E%B8%EA%B0%80%EC%9E%85%29%EC%BC%80%EC%96%B4%EB%B0%9B%EB%8A%94%EC%95%94%EB%B3%B4%ED%97%98%28%EB%AC%B4%EB%B0%B0%EB%8B%B9%2C%20%EA%B0%B1%EC%8B%A0%ED%98%95%29_260701.pdf,https://www.shinhanlife.co.kr/hp/cdhb0040.do?wsId=DigitalPlattform&ndId=00913a7841a24a17ad2f&catId=M160989651064518086,
shinhan-life,Shinhan Life Insurance,dementia-ltc,"신한치매간병보험 ONE더케어(무배당, 해약환급금 미지급형)",verified-pdf,docs/policy/shinhan-life/dementia-ltc/58-shinhan-life-dementia-ltc.pdf,1404,10262752,73ddc19b7b257d3c54ffffa64b0759df46c6169f52b4328479367e377f6ce82a,200,application/pdf,2026-08-03,https://www.shinhanlife.co.kr/bizxpress/cdh/cdhi/gd/pr/__etc/%ED%8C%90%EB%A7%A4%EC%95%BD%EA%B4%80_%EC%8B%A0%ED%95%9C%EC%B9%98%EB%A7%A4%EA%B0%84%EB%B3%91%EB%B3%B4%ED%97%98%20ONE%EB%8D%94%EC%BC%80%EC%96%B4%28%EB%AC%B4%EB%B0%B0%EB%8B%B9%2C%20%ED%95%B4%EC%95%BD%ED%99%98%EA%B8%89%EA%B8%88%20%EB%AF%B8%EC%A7%80%EA%B8%89%ED%98%95%29_260701.pdf,https://www.shinhanlife.co.kr/hp/cdhb0040.do?wsId=DigitalPlattform&ndId=2ad4654ee61a41fba873&catId=M160989651064518086,
meritz-fire,Meritz Fire & Marine Insurance,driver,무배당 메리츠 운전자 상해 종합보험2607,not-pdf,docs/policy/meritz-fire/driver/23-meritz-fire-driver.pdf,,120,474568fefa618c1790878549d3347f084e626fe801c4813a87a7b8a49ef0d189,200,text/html,2026-08-03,https://store.meritzfire.com/hp/fileDownload.do?path=cMjHrUP7C1rK2GPNMJyIQ61t7wq0JhEZhJukP4HCUwS6AXgu9U%2BZHNaNWZIm9ZJ1&id=cMjHrUP7C1rK2GPNMJyIQ61t7wq0JhEZhJukP4HCUwS6AXgu9U%2BZHNaNWZIm9ZJ1&orgFileName=%28%EB%AC%B4%29+%EB%A9%94%EB%A6%AC%EC%B8%A0+%EC%9A%B4%EC%A0%84%EC%9E%90+%EC%83%81%ED%95%B4+%EC%A2%85%ED%95%A9%EB%B3%B4%ED%97%982607.pdf&pdfView=Y,https://store.meritzfire.com/auto-and-driver/all-lifecare-driver.do#!/,
samsung-fire,Samsung Fire & Marine Insurance,indemnity-medical,무배당 삼성화재 다이렉트 실손의료비보험(2605.1),verified-pdf,docs/policy/samsung-fire/indemnity-medical/59-samsung-fire-indemnity-medical.pdf,157,2519888,50935bff5002816d9dc9b7ca9fb402c9dde6d0ae0c301c831112508732cef802,200,application/pdf,2026-08-03,https://www.samsungfire.com/publication/pdf/ZPB452010_0_20260701_file1.pdf,https://www.samsungfire.com/page/VH.REIF0012.do,
samsung-fire,Samsung Fire & Marine Insurance,fire-property,주택화재보험,verified-pdf,docs/policy/samsung-fire/fire-property/60-samsung-fire-fire-property.pdf,91,2832942,2dd5a303e3778247b7c216b933b8541a1be005bef71b11e567dac8e08a6e578c,200,application/pdf,2026-08-03,https://www.samsungfire.com/publication/pdf/01001_0_20260101_file1.pdf,https://www.samsungfire.com/page/VH.REIF0012.do,
samsung-fire,Samsung Fire & Marine Insurance,liability,맹견배상책임보험,verified-pdf,docs/policy/samsung-fire/liability/61-samsung-fire-liability.pdf,61,2294898,0b3c62691e46aebe57d3dbf992444c8e7003457086c6149794bc76bbfa0cb6e8,200,application/pdf,2026-08-03,https://www.samsungfire.com/publication/pdf/KR1558P_0_20260101_file1.pdf,https://www.samsungfire.com/page/VH.REIF0012.do,
samsung-fire,Samsung Fire & Marine Insurance,travel,해외여행보험,verified-pdf,docs/policy/samsung-fire/travel/62-samsung-fire-travel.pdf,295,7643021,e88c9e4bbdd728186e7ce224670d331988a5dd96275ada8a8e4f24a0101ef440,200,application/pdf,2026-08-03,https://www.samsungfire.com/publication/pdf/50002_0_20260606_file1.pdf,https://www.samsungfire.com/page/VH.REIF0012.do,
samsung-fire,Samsung Fire & Marine Insurance,pet,무배당 삼성화재 다이렉트 착한펫보험(강아지)(2601.6),verified-pdf,docs/policy/samsung-fire/pet/63-samsung-fire-pet.pdf,184,2946060,8a4c42d274d98187ee1c9be28967111ada276f8b59effdc710fd6a98341c9d91,200,application/pdf,2026-08-03,https://www.samsungfire.com/publication/pdf/ZPB320090_0_20260701_file1.pdf,https://www.samsungfire.com/page/VH.REIF0012.do,
samsung-fire,Samsung Fire & Marine Insurance,accident,보통상해보험,verified-pdf,docs/policy/samsung-fire/accident/64-samsung-fire-accident.pdf,377,5904577,ef2b56146a3bdad87bd768cd351b7f5c4f0987c7e084135edc32332303786a1e,200,application/pdf,2026-08-03,https://www.samsungfire.com/publication/pdf/KR1298P_0_20260228_file1.pdf,https://www.samsungfire.com/page/VH.REIF0012.do,
samsung-fire,Samsung Fire & Marine Insurance,child-health,무배당 삼성화재 자녀보험 NEW 마이 슈퍼스타(2601.6) 1종(일반형),verified-pdf,docs/policy/samsung-fire/child-health/65-samsung-fire-child-health.pdf,1121,13187853,171da9a81b61f75f03bfea54174fd4b49766570f934859adcfeb4c0a25dd7dea,200,application/pdf,2026-08-03,https://www.samsungfire.com/publication/pdf/ZPB302120_0_20260701_file1.pdf,https://www.samsungfire.com/page/VH.REIF0012.do,
samsung-fire,Samsung Fire & Marine Insurance,cyber,사이버사고 보상보험,verified-pdf,docs/policy/samsung-fire/cyber/66-samsung-fire-cyber.pdf,68,2303841,7b2734ddb8ea0b43b95bc09a2265a6f27a77af7ce5084c7f3ea704c3d54ccb39,200,application/pdf,2026-08-03,https://www.samsungfire.com/publication/pdf/KR1587P_0_20260101_file1.pdf,https://www.samsungfire.com/page/VH.REIF0012.do,
db-insurance,DB Insurance,auto,프로미카다이렉트개인용자동차보험,verified-pdf,docs/policy/db-insurance/auto/67-db-insurance-auto.pdf,119,2034818,f92de0e88acce7316ee1a93753033102e1acdc93750b1c903dad8500fa5c59a9,200,application/pdf;charset=UTF-8,2026-08-03,https://www.idbins.com/cYakgwanDown.do?FilePath=InsProduct/2026-06-18_%ED%94%84%EB%A1%9C%EB%AF%B8%EC%B9%B4%EB%8B%A4%EC%9D%B4%EB%A0%89%ED%8A%B8%EA%B0%9C%EC%9D%B8%EC%9A%A9%EC%95%BD%EA%B4%80.pdf,https://www.idbins.com/FWMAIV1534.do,
db-insurance,DB Insurance,driver,무배당 프로미라이프 참좋은운전자보험2607(CM),verified-pdf,docs/policy/db-insurance/driver/68-db-insurance-driver.pdf,530,6475571,2fa916fcbe9d44ee97c78c865a40b37a815ff809ab0eaa6fdf4a1624f254db3e,200,application/pdf;charset=UTF-8,2026-08-03,https://www.idbins.com/cYakgwanDown.do?FilePath=InsProduct/%EC%95%BD%EA%B4%80_30547%2838%29_20260801.pdf,https://www.idbins.com/FWMAIV1534.do,
db-insurance,DB Insurance,indemnity-medical,무배당 프로미라이프 다이렉트 실손의료비보험2605(CM),verified-pdf,docs/policy/db-insurance/indemnity-medical/69-db-insurance-indemnity-medical.pdf,120,5003336,48c5f155a61892605c1c81abfc46213c74ef8c0486bad2bfdb36e8154faaf223,200,application/pdf;charset=UTF-8,2026-08-03,https://www.idbins.com/cYakgwanDown.do?FilePath=InsProduct/%EC%95%BD%EA%B4%80_31227%2800%29_20260701.pdf,https://www.idbins.com/FWMAIV1534.do,
db-insurance,DB Insurance,fire-property,프로미 다이렉트 주택화재보험(CM),verified-pdf,docs/policy/db-insurance/fire-property/70-db-insurance-fire-property.pdf,95,916251,f0ccded333f05fa1faa6f3bc2e1987be9363065d3b6507927e86172cb8601cff,200,application/pdf;charset=UTF-8,2026-08-03,https://www.idbins.com/cYakgwanDown.do?FilePath=InsProduct/20260101_%ED%94%84%EB%A1%9C%EB%AF%B8%20%EB%8B%A4%EC%9D%B4%EB%A0%89%ED%8A%B8%20%EC%A3%BC%ED%83%9D%ED%99%94%EC%9E%AC%EB%B3%B4%ED%97%98%28CM%29_%EB%B3%B4%ED%97%98%EC%95%BD%EA%B4%80.pdf,https://www.idbins.com/FWMAIV1534.do,
db-insurance,DB Insurance,liability,프로미 반려동물배상책임보험Ⅱ,verified-pdf,docs/policy/db-insurance/liability/71-db-insurance-liability.pdf,82,930780,497711d2f00f10ce70ef179c2a6859f3789a51bf97775ebbafcfaa7ddd1660cf,200,application/pdf;charset=UTF-8,2026-08-03,https://www.idbins.com/cYakgwanDown.do?FilePath=InsProduct/20260101_%ED%94%84%EB%A1%9C%EB%AF%B8%20%EB%B0%98%EB%A0%A4%EB%8F%99%EB%AC%BC%EB%B0%B0%EC%83%81%EC%B1%85%EC%9E%84%EB%B3%B4%ED%97%98%E2%85%A1_%EB%B3%B4%ED%97%98%EC%95%BD%EA%B4%80.pdf,https://www.idbins.com/FWMAIV1534.do,
db-insurance,DB Insurance,travel,프로미 다이렉트 프리미엄해외여행보험(CM),verified-pdf,docs/policy/db-insurance/travel/72-db-insurance-travel.pdf,222,3000325,1b97fdf5c78b66f75d36ff89453a94d8b86ee231201766b6e3b5b0b2305d74e3,200,application/pdf;charset=UTF-8,2026-08-03,https://www.idbins.com/cYakgwanDown.do?FilePath=InsProduct/20260701_%ED%94%84%EB%A1%9C%EB%AF%B8%20%EB%8B%A4%EC%9D%B4%EB%A0%89%ED%8A%B8%20%ED%94%84%EB%A6%AC%EB%AF%B8%EC%97%84%ED%95%B4%EC%99%B8%EC%97%AC%ED%96%89%EB%B3%B4%ED%97%98%28CM%29_%EB%B3%B4%ED%97%98%EC%95%BD%EA%B4%80.pdf,https://www.idbins.com/FWMAIV1534.do,
db-insurance,DB Insurance,pet,무배당 프로미라이프 다이렉트 펫블리 반려견보험2607(CM),verified-pdf,docs/policy/db-insurance/pet/73-db-insurance-pet.pdf,320,4860272,218202c11d6093a758910ccbb0c64e41a6aa428f6fa665632960fa09ca65b2f1,200,application/pdf;charset=UTF-8,2026-08-03,https://www.idbins.com/cYakgwanDown.do?FilePath=InsProduct/%EC%95%BD%EA%B4%80_31119%2809%29_20260701.pdf,https://www.idbins.com/FWMAIV1534.do,
hyundai-marine,Hyundai Marine & Fire Insurance,auto,하이카 개인용자동차보험 2026-07-01,download-error,docs/policy/hyundai-marine/auto/74-hyundai-marine-auto.pdf,,,,,,2026-08-03,https://www.hi.co.kr/FileActionServlet/preview/0/data/202606/02a65c5bf7e7ce20e07b31d4533c9dfa.pdf,https://www.hi.co.kr/serviceAction.do?menuId=100932,"ConnectionError: ('Connection aborted.', ConnectionResetError(104, 'Connection reset by peer'))"
hyundai-marine,Hyundai Marine & Fire Insurance,driver,무배당 현대해상다이렉트 운전자보험 Hi2605,verified-pdf,docs/policy/hyundai-marine/driver/75-hyundai-marine-driver.pdf,229,4280389,8dce133804a0c4efc4cfd98698cd77f9dd9b6392fad8b720ad14c78780ce1a7c,200,application/pdf,2026-08-03,https://direct.hi.co.kr/dhNAS/terms/CM210S_20260507.pdf,https://direct.hi.co.kr/service.do?m=c91a5781ba,
hyundai-marine,Hyundai Marine & Fire Insurance,fire-property,Hi-주택화재상해보험,verified-pdf,docs/policy/hyundai-marine/fire-property/76-hyundai-marine-fire-property.pdf,130,3418463,92dd4c07573fb011668a9cf7dc5d3a6fa8b5c2eced103922cbfab8db6e731845,200,application/pdf,2026-08-03,https://direct.hi.co.kr/dhNAS/terms/CM4960_20240709.pdf,https://direct.hi.co.kr/service.do?m=96a3e8a561,
hyundai-marine,Hyundai Marine & Fire Insurance,liability,재난배상책임보험,verified-pdf,docs/policy/hyundai-marine/liability/77-hyundai-marine-liability.pdf,56,2742873,544fec7117856b76258b550faa6446a16b05362478b555cb2f12b7a1b9e4de49,200,application/pdf,2026-08-03,https://direct.hi.co.kr/file/GI/disasterReparation.pdf,https://www.hi.co.kr/serviceAction.do?menuId=100932,
hyundai-marine,Hyundai Marine & Fire Insurance,travel,다이렉트 해외여행보험 2026-06-06,verified-pdf,docs/policy/hyundai-marine/travel/78-hyundai-marine-travel.pdf,162,3688208,19fcd2966b4d17fdca41bd8edfdfff028a4de3ba38ed3574e83406262ec3c878,200,application/pdf,2026-08-03,https://direct.hi.co.kr/dhNAS/terms/CM8403_20260606.pdf,https://direct.hi.co.kr/service.do?m=7435d816d2,
hyundai-marine,Hyundai Marine & Fire Insurance,pet,무배당 현대해상다이렉트 굿앤굿 우리펫보험 Hi2511,verified-pdf,docs/policy/hyundai-marine/pet/79-hyundai-marine-pet.pdf,211,4864998,c0caf85dd7dc64eeda1d34ace9e9f748a4801be4cb8c0ee52d5cd2a4d55bffc6,200,application/pdf,2026-08-03,https://direct.hi.co.kr/dhNAS/terms/CM110H_20251105.pdf,https://direct.hi.co.kr/service.do?m=78ee531539&petType=D,
hyundai-marine,Hyundai Marine & Fire Insurance,accident,골프보험,verified-pdf,docs/policy/hyundai-marine/accident/80-hyundai-marine-accident.pdf,71,2964738,57cc63cbc5e15d7d0893d7c9b1b35c60514443d1d29097b04a67c20f3de1e2dc,200,application/pdf,2026-08-03,https://direct.hi.co.kr/file/GI/golfInsurances.pdf,https://direct.hi.co.kr/service.do?m=1e760af7b1,
hyundai-marine,Hyundai Marine & Fire Insurance,child-health,무배당 현대해상 굿앤굿어린이종합보험Q Hi2607,verified-pdf,docs/policy/hyundai-marine/child-health/81-hyundai-marine-child-health.pdf,1119,20996472,3d082639b579ec203a5cbffed1417b998ad2b7dd13df13e30836453b7c6bcb07,200,application/pdf; charset=UTF-8,2026-08-03,https://www.hi.co.kr/FileActionServlet/preview/0/data/store/child_clause.pdf,https://www.hi.co.kr/serviceAction.do?menuId=929000,
hyundai-marine,Hyundai Marine & Fire Insurance,health,무배당 현대해상다이렉트 퍼펙트건강보험 Hi2607,verified-pdf,docs/policy/hyundai-marine/health/82-hyundai-marine-health.pdf,308,5222424,dd1bd8ebe93a07f106bb2d9fa0b445d509815541a4b0fb87e2a067222fef4f01,200,application/pdf,2026-08-03,https://direct.hi.co.kr/dhNAS/terms/CM11P1_20260701.pdf,https://direct.hi.co.kr/service.do?m=8885e86ec1,
hyundai-marine,Hyundai Marine & Fire Insurance,cyber,하이사이버안심보험,verified-pdf,docs/policy/hyundai-marine/cyber/83-hyundai-marine-cyber.pdf,47,1603644,2e6daa0fe92ac48692f7898a305f2d802ef4721200dfcb1e43c8ee49979b4c81,200,application/pdf,2026-08-03,https://direct.hi.co.kr/dhNAS/terms/CM7723_20260101.pdf,https://www.hi.co.kr/serviceAction.do?menuId=100932,
kb-insurance,KB Insurance,auto,KB 개인용자동차보험 2026-07-14,verified-pdf,docs/policy/kb-insurance/auto/84-kb-insurance-auto.pdf,230,4152474,27759a45f50e42fe457bdf652928538a93773fced43d452f640c443d970d6d06,200,application/octet-stream,2026-08-03,https://www.kbinsure.co.kr/pop/CR301010002.ec?pdcd=41048,https://direct.kbinsure.co.kr/home/app/views/ws/car/individual/DS03_CAR_INDV_IS001M_static.html,
kb-insurance,KB Insurance,driver,KB 플러스 운전자상해보험(무배당)(26.07),verified-pdf,docs/policy/kb-insurance/driver/85-kb-insurance-driver.pdf,651,10390000,ae4011855990406b93f0e3ed78be4d4265119ab4e42dab5eeb5a7a9b44172ea2,200,application/octet-stream,2026-08-03,https://www.kbinsure.co.kr/pop/CR301010002.ec?pdcd=25326,https://www.kbinsure.co.kr/CG301040001.ec,
kb-insurance,KB Insurance,indemnity-medical,KB손보 실손의료비보장보험(무배당)(26.07),verified-pdf,docs/policy/kb-insurance/indemnity-medical/86-kb-insurance-indemnity-medical.pdf,163,4305454,077251c3dbfca3c0234748b28e76c79f37a5682c0209b6555f1726ca6f58d590,200,application/octet-stream,2026-08-03,https://www.kbinsure.co.kr/pop/CR301010002.ec?pdcd=25370,https://www.kbinsure.co.kr/CG302090001.ec,
kb-insurance,KB Insurance,fire-property,KB 다이렉트 주택화재보험(무배당)(26.01),verified-pdf,docs/policy/kb-insurance/fire-property/87-kb-insurance-fire-property.pdf,313,5691105,cc1970710f17f4182336db4bd018d8173a2acb6b97fe28e6eff325dfb2676c2f,200,application/octet-stream,2026-08-03,https://www.kbinsure.co.kr/pop/CR301010002.ec?pdcd=25058,https://www.kbinsure.co.kr/CG305030001.ec,
kb-insurance,KB Insurance,liability,승강기사고배상책임보험,verified-pdf,docs/policy/kb-insurance/liability/88-kb-insurance-liability.pdf,81,432872,b755c3b449ce84268ff714e364bb18924fa6e7108b5acc6f369c43f3ade06309,200,application/octet-stream,2026-08-03,https://www.kbinsure.co.kr/pop/CR301010002.ec?pdcd=14171,https://www.kbinsure.co.kr/CG802030001.ec,
kb-insurance,KB Insurance,travel,KB해외여행보험(Ⅲ),verified-pdf,docs/policy/kb-insurance/travel/89-kb-insurance-travel.pdf,200,1341282,9ec2477a7ba5b559f09b84a22e4b02894be37f15add88f042ad12502cd5f7892,200,application/octet-stream,2026-08-03,https://www.kbinsure.co.kr/pop/CR301010002.ec?pdcd=15339,https://www.kbinsure.co.kr/CG802030001.ec,
kb-insurance,KB Insurance,pet,KB 금쪽같은 펫보험(강아지)(무배당)(26.07),verified-pdf,docs/policy/kb-insurance/pet/90-kb-insurance-pet.pdf,195,4950832,852d4fe181aefb32c5e6e1dc01d5d39e475e00d05e335398139d4464e400b64d,200,application/octet-stream,2026-08-03,https://www.kbinsure.co.kr/pop/CR301010002.ec?pdcd=25343,https://www.kbinsure.co.kr/CG313010001.ec,
kb-insurance,KB Insurance,accident,KB 다치면 보장받는 플러스 상해보험(무배당)(26.07),verified-pdf,docs/policy/kb-insurance/accident/91-kb-insurance-accident.pdf,390,7697557,576a5f2aac52729ec1f4f160c097208ab52fe80fff2cb3a63f1401cdc784a888,200,application/octet-stream,2026-08-03,https://www.kbinsure.co.kr/pop/CR301010002.ec?pdcd=25321,https://www.kbinsure.co.kr/CG802030001.ec,
kb-insurance,KB Insurance,child-health,KB 금쪽같은 자녀보험Plus(무배당)(26.07),verified-pdf,docs/policy/kb-insurance/child-health/92-kb-insurance-child-health.pdf,1248,22294356,c64d02d5455f846756310773cb0d42bba77d842118e5defbc077787432fecef6,200,application/octet-stream,2026-08-03,https://www.kbinsure.co.kr/pop/CR301010002.ec?pdcd=25282,https://www.kbinsure.co.kr/CG302010001.ec,
kb-insurance,KB Insurance,health,KB Yes!365 건강보험(세만기)(무배당)(26.07),verified-pdf,docs/policy/kb-insurance/health/93-kb-insurance-health.pdf,1188,18530671,94d5f713efeaa3f3713e2589e843c77e65122f412c600e4a25a934a229649b0a,200,application/octet-stream,2026-08-03,https://www.kbinsure.co.kr/pop/CR301010002.ec?pdcd=25257,https://www.kbinsure.co.kr/CG802030001.ec,
kb-insurance,KB Insurance,cyber,피싱·해킹금융사기보상보험(Ⅱ),verified-pdf,docs/policy/kb-insurance/cyber/94-kb-insurance-cyber.pdf,52,322237,edb3077a834cb1a71d8f8077d37ffd44588ecabcc65cd188fea683e7bf022558,200,application/octet-stream,2026-08-03,https://www.kbinsure.co.kr/pop/CR301010002.ec?pdcd=17388,https://www.kbinsure.co.kr/CG802030001.ec,
hanwha-general,Hanwha General Insurance,driver,운전자보험 약관 2025-04,verified-pdf,docs/policy/hanwha-general/driver/95-hanwha-general-driver.pdf,12,147640,dbf57f2b34c842412e597dc25f8c80e761582c0733c7a935641279f2417e7246,200,application/pdf;charset=UTF-8,2026-08-03,https://www.hwgeneralins.com/upload/hmpag_upload/product/unj_250401.pdf,https://www.hwgeneralins.com/notice/ir/product-ing01.do,
hanwha-general,Hanwha General Insurance,travel,해외여행보험 약관 2026-06,verified-pdf,docs/policy/hanwha-general/travel/96-hanwha-general-travel.pdf,160,1582276,2704a8b79cc94d1f687845f4a67d82ed1a8859fa02978b54f3388a26e6c26d2a,200,application/pdf;charset=UTF-8,2026-08-03,https://www.hwgeneralins.com/upload/hmpag_upload/product/abroad(2606)_03.pdf,https://www.hwgeneralins.com/notice/ir/product-ing01.do,
hanwha-general,Hanwha General Insurance,pet,한화펫플러스보험(반려견) 약관 2026-01,verified-pdf,docs/policy/hanwha-general/pet/97-hanwha-general-pet.pdf,39,475171,2f6b7af3b23fb0d11fd02d4f43ccec8b0d8400682d56486d326e96bdaf8304d6,200,application/pdf;charset=UTF-8,2026-08-03,https://www.hwgeneralins.com/upload/hmpag_upload/product/pet_s_dog(2601)_03.pdf,https://www.hwgeneralins.com/notice/ir/product-ing01.do,
hanwha-general,Hanwha General Insurance,fire-property,주택화재보험 약관 2026-02,verified-pdf,docs/policy/hanwha-general/fire-property/98-hanwha-general-fire-property.pdf,96,906677,d5c28896523bae2c28a9d90affd98def368b44571d0d69b355437ba180668101,200,application/pdf;charset=UTF-8,2026-08-03,https://www.hwgeneralins.com/upload/hmpag_upload/product/housefire(2602)_03.pdf,https://www.hwgeneralins.com/notice/ir/product-ing01.do,
hanwha-general,Hanwha General Insurance,liability,드론종합보험 약관 2026-01,verified-pdf,docs/policy/hanwha-general/liability/99-hanwha-general-liability.pdf,35,414872,58164a46cacfc09bae5cc5f222328d8feaa6a11355f77c69223b6c6517410ff9,200,application/pdf;charset=UTF-8,2026-08-03,https://www.hwgeneralins.com/upload/hmpag_upload/product/drone(2601)_03.pdf,https://www.hwgeneralins.com/notice/ir/product-ing01.do,
hanwha-general,Hanwha General Insurance,accident,상해보험 약관 2026-01,verified-pdf,docs/policy/hanwha-general/accident/100-hanwha-general-accident.pdf,95,1006696,22ebd0dfa192addd6b0d1be4bc7edd8eb998756f9b630791e3e16bbd301478a3,200,application/pdf;charset=UTF-8,2026-08-03,https://www.hwgeneralins.com/upload/hmpag_upload/product/wound(2601)_03.pdf,https://www.hwgeneralins.com/notice/ir/product-ing01.do,
hanwha-general,Hanwha General Insurance,cyber,사이버보험 약관 2026-01,verified-pdf,docs/policy/hanwha-general/cyber/101-hanwha-general-cyber.pdf,45,461711,631cccaeccbd23a881f7eb5d08c16fc66d534e4a22f6c6dc834940c13c813584,200,application/pdf;charset=UTF-8,2026-08-03,https://www.hwgeneralins.com/upload/hmpag_upload/product/cyber(2601)_03.pdf,https://www.hwgeneralins.com/notice/ir/product-ing01.do,
carrot-fire,Carrot General Insurance,auto,캐롯 자동차보험 개인용 약관 2026-06-09,verified-pdf,docs/policy/carrot-fire/auto/102-carrot-fire-auto.pdf,249,2101960,ab117bbca7da5444de6ca8804f0f929e66cf939c00e2f9741581bad4abc1b567,200,application/pdf,2026-08-03,https://www.carrotins.com/cdn/dis/doc/pdf/disclosure/car/CA00244001/terms/CA00244001_20260609_01.pdf,https://www.carrotins.com/desktop/disclosure/sale/,
carrot-fire,Carrot General Insurance,driver,캐롯투게더운전자보험 약관 2026-01-01,verified-pdf,docs/policy/carrot-fire/driver/103-carrot-fire-driver.pdf,185,1832588,329e8ef7503775295ef28803a9b4a33d26cb4c1895a6910785ab354700420749,200,application/pdf,2026-08-03,https://www.carrotins.com/cdn/dis/doc/pdf/disclosure/general/FA00103002/terms/FA00103002_20260101_01.pdf,https://www.carrotins.com/desktop/disclosure/sale/,
carrot-fire,Carrot General Insurance,travel,캐롯해외여행보험 약관 2026-06-06,verified-pdf,docs/policy/carrot-fire/travel/104-carrot-fire-travel.pdf,157,1568056,b14a933e72afed5978eeb673eb8d6ad0120874ff403bb5b0f3c0b05279da0b35,200,application/pdf,2026-08-03,https://www.carrotins.com/cdn/dis/doc/pdf/disclosure/general/FA00045001/terms/FA00045001_20260606_01.pdf,https://www.carrotins.com/desktop/disclosure/sale/,
carrot-fire,Carrot General Insurance,pet,캐롯 펫보험(반려견) 약관 2025-09-01,verified-pdf,docs/policy/carrot-fire/pet/105-carrot-fire-pet.pdf,44,580285,f6988001fda9f06c0609ad92f2bc6449d687921ac5c45c9682561db01a8e623b,200,application/pdf,2026-08-03,https://www.carrotins.com/cdn/dis/doc/pdf/disclosure/general/FA00136003/terms/FA00136003_20250901_01.pdf,https://www.carrotins.com/desktop/disclosure/sale/,
carrot-fire,Carrot General Insurance,fire-property,캐롯주택종합보험 약관 2025-10-01,verified-pdf,docs/policy/carrot-fire/fire-property/106-carrot-fire-fire-property.pdf,91,854952,725d3d7c949b69ca6ddc3d9b984e7ceb94279c0d8f50a8fc8fb94abd529402a1,200,application/pdf,2026-08-03,https://www.carrotins.com/cdn/dis/doc/pdf/disclosure/general/FA10020002/terms/FA10020002_20251001_01.pdf,https://www.carrotins.com/desktop/disclosure/sale/,
carrot-fire,Carrot General Insurance,liability,캐롯내가게배상책임보험 약관 2025-01-01,verified-pdf,docs/policy/carrot-fire/liability/107-carrot-fire-liability.pdf,97,904076,8a9b5db5b03ac448702416c122161baa84ff15adbe19a230d606f575ce569b61,200,application/pdf,2026-08-03,https://www.carrotins.com/cdn/dis/doc/pdf/disclosure/general/FA10014001/terms/FA10014001_20250101_01.pdf,https://www.carrotins.com/desktop/disclosure/sale/,
carrot-fire,Carrot General Insurance,group,캐롯단체상해보험 약관 2025-09-01,verified-pdf,docs/policy/carrot-fire/group/108-carrot-fire-group.pdf,394,3065883,eebbb13d93f1295378fa541cf19120579e0bcb393d1d3297cd7079e57a9ec516,200,application/pdf,2026-08-03,https://www.carrotins.com/cdn/dis/doc/pdf/disclosure/general/FA10018001/terms/FA10018001_20250901_01.pdf,https://www.carrotins.com/desktop/disclosure/sale/,
carrot-fire,Carrot General Insurance,cyber,캐롯피싱·해킹금융사기안심보험 약관 2025-09-01,verified-pdf,docs/policy/carrot-fire/cyber/109-carrot-fire-cyber.pdf,34,528122,cb00ddbbc21fd9cde77a19e4a15bb9b75b50c12a7cb37810fe07b0bac74fbde0,200,application/pdf,2026-08-03,https://www.carrotins.com/cdn/dis/doc/pdf/disclosure/general/FA00092002/terms/FA00092002_20250901_01.pdf,https://www.carrotins.com/desktop/disclosure/sale/,
meritz-fire,Meritz Fire & Marine Insurance,driver,무배당 메리츠 운전자 상해 종합보험2607,not-pdf,docs/policy/meritz-fire/driver/23-meritz-fire-driver.pdf,,120,474568fefa618c1790878549d3347f084e626fe801c4813a87a7b8a49ef0d189,200,text/html,2026-08-03,https://store.meritzfire.com/hp/fileDownload.do?path=cMjHrUP7C1rK2GPNMJyIQ61t7wq0JhEZhJukP4HCUwS6AXgu9U%2BZHNaNWZIm9ZJ1&id=cMjHrUP7C1rK2GPNMJyIQ61t7wq0JhEZhJukP4HCUwS6AXgu9U%2BZHNaNWZIm9ZJ1&orgFileName=%28%EB%AC%B4%29+%EB%A9%94%EB%A6%AC%EC%B8%A0+%EC%9A%B4%EC%A0%84%EC%9E%90+%EC%83%81%ED%95%B4+%EC%A2%85%ED%95%A9%EB%B3%B4%ED%97%982607.pdf&pdfView=Y,https://store.meritzfire.com/auto-and-driver/all-lifecare-driver.do#!/,
hyundai-marine,Hyundai Marine & Fire Insurance,auto,하이카 개인용자동차보험 2026-07-01,verified-pdf,docs/policy/hyundai-marine/auto/74-hyundai-marine-auto.pdf,180,15735164,2c1684f93ce7999dc18b56328717aeb04099f93052c03ca83c72d423df71d9eb,200,application/pdf; charset=UTF-8,2026-08-03,https://www.hi.co.kr/FileActionServlet/preview/0/data/202606/02a65c5bf7e7ce20e07b31d4533c9dfa.pdf,https://www.hi.co.kr/serviceAction.do?menuId=100932,
meritz-fire,Meritz Fire & Marine Insurance,driver,무배당 메리츠 운전자 상해 종합보험2607,not-pdf,docs/policy/meritz-fire/driver/23-meritz-fire-driver.pdf,,120,474568fefa618c1790878549d3347f084e626fe801c4813a87a7b8a49ef0d189,200,text/html,2026-08-03,https://store.meritzfire.com/hp/fileDownload.do?path=cMjHrUP7C1rK2GPNMJyIQ61t7wq0JhEZhJukP4HCUwS6AXgu9U%2BZHNaNWZIm9ZJ1&id=cMjHrUP7C1rK2GPNMJyIQ61t7wq0JhEZhJukP4HCUwS6AXgu9U%2BZHNaNWZIm9ZJ1&orgFileName=%28%EB%AC%B4%29+%EB%A9%94%EB%A6%AC%EC%B8%A0+%EC%9A%B4%EC%A0%84%EC%9E%90+%EC%83%81%ED%95%B4+%EC%A2%85%ED%95%A9%EB%B3%B4%ED%97%982607.pdf&pdfView=Y,https://store.meritzfire.com/auto-and-driver/all-lifecare-driver.do#!/,
db-life,DB Life,whole,(무) 10년 더 드림 플러스 유니버셜 간편종신보험(보증비용부과형)(2404),verified-pdf,docs/policy/db-life/whole/40-db-life-whole.pdf,92,3836436,6ede6769dbe1a5acb55e373f5c975bd60fa78d41f5d5108cd7d082a86998e0d9,200,application/octet-stream;;charset=utf-8,2026-08-03,https://www.idblife.com/notice/product/prov/file?publishNo=3257&fileGb=3%20&fileSeq=71741,https://www.idblife.com/notice/product/sale,
lina-life,Lina Life Insurance,health,무배당 라이나브레인케어건강보험(해약환급금 미지급형Ⅱ)_1종(뉴노멀고지Ⅰ),verified-pdf,docs/policy/lina-life/health/41-lina-life-health.pdf,51,1918566,fc170cd09c09eac1405a6d00478540c49faacf85cfb3a5761b22dbf8d2136248,200,application/pdf,2026-08-03,https://www.lina.co.kr/cms/upload/upload/docs/disclosure/B00455001_1_P.pdf,https://www.lina.co.kr/disclosure/product-public-announcement/product-on-sales?key=0,
dongyang-life,Dongyang Life Insurance,child-health,무배당 우리 WON 하는 쑥쑥어린이보장보험,verified-pdf,docs/policy/dongyang-life/child-health/112-dongyang-life-child-health.pdf,450,8140864,4d71877317275211970fd15f86788a9e17976125550670ba81ba121955370486,200,application/octet-stream;charset=UTF-8,2026-08-03,https://pbano.myangel.co.kr/process/CO_ComDownload?_biz_op_code=FDL&FILE_GRP_ID=34D0mcpfsYSfFW9xjpmkXNjMFfW9lb5J,https://pbano.myangel.co.kr/paging/WE_AC_WEPAAP020100L,
dongyang-life,Dongyang Life Insurance,cancer,무배당 우리 WON 하는 암보험,verified-pdf,docs/policy/dongyang-life/cancer/113-dongyang-life-cancer.pdf,1495,23481763,68651fdd403cf7561a45111a3cb33dd921525eb1b0ff23a15066d4eeda5607cd,200,application/octet-stream;charset=UTF-8,2026-08-03,https://pbano.myangel.co.kr/process/CO_ComDownload?_biz_op_code=FDL&FILE_GRP_ID=34D0mcpfsYTtnFS3GP9AAJDqg6OKYhoA,https://pbano.myangel.co.kr/paging/WE_AC_WEPAAP020100L,
dongyang-life,Dongyang Life Insurance,dementia-ltc,무배당 우리 WON 하는 치매간병보험,verified-pdf,docs/policy/dongyang-life/dementia-ltc/114-dongyang-life-dementia-ltc.pdf,1901,29530578,81ad62f16757a4ddaf0c05fad2f18e0a18442422e514a4db52e9841c3a7c5f10,200,application/octet-stream;charset=UTF-8,2026-08-03,https://pbano.myangel.co.kr/process/CO_ComDownload?_biz_op_code=FDL&FILE_GRP_ID=34D0mcpfsYTtnFS3GP9AACII0JVDZLkE,https://pbano.myangel.co.kr/paging/WE_AC_WEPAAP020100L,
kyobo-life,Kyobo Life Insurance,whole,교보간편 K-실속종신보험 (무배당),verified-pdf,docs/policy/kyobo-life/whole/115-kyobo-life-whole.pdf,861,7336699,7db8a69d4907e3e4bd3b792c4e260e7ecf8b0732396daeea6a28ff2c3d189662,200,application/pdf,2026-08-03,https://www.kyobo.com/file/ajax/download?fName=/dtc/pdf/mm/ZTVjOWIxYzEt_%EA%B5%90%EB%B3%B4%EA%B0%84%ED%8E%B8K-%EC%8B%A4%EC%86%8D%EC%A2%85%EC%8B%A0%EB%B3%B4%ED%97%98%20%5BD%5D(%EB%AC%B4%EB%B0%B0%EB%8B%B9)%20%ED%86%B5%ED%95%A9%EC%95%BD%EA%B4%80(2026.01.01).pdf,https://www.kyobo.com/dgt/web/disclosure/product_disclosure,
kb-life,KB Life Insurance,annuity,KB 트리플 레벨업 연금보험 (무배당),verified-pdf,docs/policy/kb-life/annuity/116-kb-life-annuity.pdf,166,4053922,bb0719ec87942f7859e4dfcbe01440a99bf9644c5dbbb04df5cf818a0462616d,200,application/pdf,2026-08-03,https://www.kblife.co.kr/api/archive/archives/download/product-terms/501615830/2,https://www.kblife.co.kr,
kb-life,KB Life Insurance,annuity,KB 넥스트 레벨업 연금보험 (무배당),verified-pdf,docs/policy/kb-life/annuity/117-kb-life-annuity-next.pdf,168,4071339,18407d277b99ad95ab508f0eef2030fc0d35b10719903114d8ac20c1875951f1,200,application/pdf,2026-08-03,https://www.kblife.co.kr/api/archive/archives/download/product-terms/501615854/2,https://www.kblife.co.kr,
shinhan-life,Shinhan Life Insurance,annuity,SOL메이트달러연금보험 (무배당),verified-pdf,docs/policy/shinhan-life/annuity/118-shinhan-life-annuity.pdf,144,2559344,6a8e6569c318fc93c0e227ebb639adfc6dd8a5de1f739facf39556a733da72cb,200,application/pdf,2026-08-03,https://www.shinhanlife.co.kr/bizxpress/cdh/cdhi/gd/pr/__etc/%ED%8C%90%EB%A7%A4%EC%95%BD%EA%B4%80_SOL%EB%A9%94%EC%9D%B4%ED%8A%B8%EB%8B%AC%EB%9F%AC%EC%97%B0%EA%B8%88%EB%B3%B4%ED%97%98(%EB%AC%B4%EB%B0%B0%EB%8B%B9)_20250701.pdf,https://www.shinhanlife.co.kr/hp/cdhc0010.do,
axa-fire,AXA General Insurance,driver,AXA마일리지 운전자상해보험Ⅱ (2601),verified-pdf,docs/policy/axa-fire/driver/119-axa-fire-driver-2026.pdf,453,10203552,92c480d8500fb2d1abe68d9250499b00b36da01110b1016b4e5cef835064cef4,200,application/pdf,2026-08-03,https://www.axa.co.kr/AsianPlatformInternet/doc/internet/public/mileage_provision2601(2604).pdf,https://www.axa.co.kr/AsianPlatformInternet/html/axacms/common/intro/disclosure/insurance/onsale_01.html,
